season,episode,title,airdate,imdb_rating,imdb_votes,description
1,1,Fake Episode 1,2007-09-24,7.5,7282,This is the description of fake episode 1.
1,2,Fake Episode 2,2007-10-01,6.6,6089,This is the description of fake episode 2.
1,3,Fake Episode 3,2007-10-08,7.2,2661,This is the description of fake episode 3.
1,4,Fake Episode 4,2007-10-15,8.4,11610,This is the description of fake episode 4.
1,5,Fake Episode 5,2007-10-22,7.5,5676,This is the description of fake episode 5.
1,6,Fake Episode 6,2007-10-29,8.1,8555,This is the description of fake episode 6.
1,7,Fake Episode 7,2007-11-05,8.3,13665,This is the description of fake episode 7.
1,8,Fake Episode 8,2007-11-12,7.5,11666,This is the description of fake episode 8.
1,9,Fake Episode 9,2007-11-19,8.4,9355,This is the description of fake episode 9.
1,10,Fake Episode 10,2007-11-26,7.9,2857,This is the description of fake episode 10.
1,11,Fake Episode 11,2007-12-03,9.1,4313,This is the description of fake episode 11.
1,12,Fake Episode 12,2007-12-10,9.3,8757,This is the description of fake episode 12.
1,13,Fake Episode 13,2007-12-17,8.9,7435,This is the description of fake episode 13.
1,14,Fake Episode 14,2007-12-24,8.4,8061,This is the description of fake episode 14.
1,15,Fake Episode 15,2007-12-31,7.0,11999,This is the description of fake episode 15.
1,16,Fake Episode 16,2008-01-07,7.1,5703,This is the description of fake episode 16.
1,17,Fake Episode 17,2008-01-14,6.7,12025,This is the description of fake episode 17.
2,1,Fake Episode 18,2008-01-21,7.3,4979,This is the description of fake episode 18.
2,2,Fake Episode 19,2008-01-28,6.8,11508,This is the description of fake episode 19.
2,3,Fake Episode 20,2008-02-04,7.2,6065,This is the description of fake episode 20.
2,4,Fake Episode 21,2008-02-11,9.2,4773,This is the description of fake episode 21.
2,5,Fake Episode 22,2008-02-18,7.5,14690,This is the description of fake episode 22.
2,6,Fake Episode 23,2008-02-25,6.8,9744,This is the description of fake episode 23.
2,7,Fake Episode 24,2008-03-03,7.9,5289,This is the description of fake episode 24.
2,8,Fake Episode 25,2008-03-10,8.0,2223,This is the description of fake episode 25.
2,9,Fake Episode 26,2008-03-17,8.8,6610,This is the description of fake episode 26.
2,10,Fake Episode 27,2008-03-24,9.2,12266,This is the description of fake episode 27.
2,11,Fake Episode 28,2008-03-31,7.7,5777,This is the description of fake episode 28.
2,12,Fake Episode 29,2008-04-07,9.3,10565,This is the description of fake episode 29.
2,13,Fake Episode 30,2008-04-14,9.1,2492,This is the description of fake episode 30.
2,14,Fake Episode 31,2008-04-21,6.8,10246,This is the description of fake episode 31.
2,15,Fake Episode 32,2008-04-28,8.2,2963,This is the description of fake episode 32.
2,16,Fake Episode 33,2008-05-05,7.3,8035,This is the description of fake episode 33.
2,17,Fake Episode 34,2008-05-12,8.1,13722,This is the description of fake episode 34.
3,1,Fake Episode 35,2008-05-19,7.5,11525,This is the description of fake episode 35.
3,2,Fake Episode 36,2008-05-26,6.8,3039,This is the description of fake episode 36.
3,3,Fake Episode 37,2008-06-02,9.2,9078,This is the description of fake episode 37.
3,4,Fake Episode 38,2008-06-09,8.6,2998,This is the description of fake episode 38.
3,5,Fake Episode 39,2008-06-16,7.1,4996,This is the description of fake episode 39.
3,6,Fake Episode 40,2008-06-23,7.5,3422,This is the description of fake episode 40.
3,7,Fake Episode 41,2008-06-30,8.1,9175,This is the description of fake episode 41.
3,8,Fake Episode 42,2008-07-07,8.4,12146,This is the description of fake episode 42.
3,9,Fake Episode 43,2008-07-14,8.3,14951,This is the description of fake episode 43.
3,10,Fake Episode 44,2008-07-21,9.5,13897,This is the description of fake episode 44.
3,11,Fake Episode 45,2008-07-28,9.1,6822,This is the description of fake episode 45.
3,12,Fake Episode 46,2008-08-04,9.0,14461,This is the description of fake episode 46.
3,13,Fake Episode 47,2008-08-11,8.8,11880,This is the description of fake episode 47.
3,14,Fake Episode 48,2008-08-18,8.1,10815,This is the description of fake episode 48.
3,15,Fake Episode 49,2008-08-25,8.3,11429,This is the description of fake episode 49.
3,16,Fake Episode 50,2008-09-01,6.9,14593,This is the description of fake episode 50.
3,17,Fake Episode 51,2008-09-08,8.6,11320,This is the description of fake episode 51.
4,1,Fake Episode 52,2008-09-15,8.9,2722,This is the description of fake episode 52.
4,2,Fake Episode 53,2008-09-22,8.9,6815,This is the description of fake episode 53.
4,3,Fake Episode 54,2008-09-29,8.9,13308,This is the description of fake episode 54.
4,4,Fake Episode 55,2008-10-06,9.2,7921,This is the description of fake episode 55.
4,5,Fake Episode 56,2008-10-13,8.6,2947,This is the description of fake episode 56.
4,6,Fake Episode 57,2008-10-20,9.4,12081,This is the description of fake episode 57.
4,7,Fake Episode 58,2008-10-27,7.2,2004,This is the description of fake episode 58.
4,8,Fake Episode 59,2008-11-03,8.0,2192,This is the description of fake episode 59.
4,9,Fake Episode 60,2008-11-10,7.3,13116,This is the description of fake episode 60.
4,10,Fake Episode 61,2008-11-17,7.5,11371,This is the description of fake episode 61.
4,11,Fake Episode 62,2008-11-24,7.2,14810,This is the description of fake episode 62.
4,12,Fake Episode 63,2008-12-01,8.4,2622,This is the description of fake episode 63.
4,13,Fake Episode 64,2008-12-08,7.1,3429,This is the description of fake episode 64.
4,14,Fake Episode 65,2008-12-15,7.7,2620,This is the description of fake episode 65.
4,15,Fake Episode 66,2008-12-22,7.0,6250,This is the description of fake episode 66.
4,16,Fake Episode 67,2008-12-29,9.1,10271,This is the description of fake episode 67.
4,17,Fake Episode 68,2009-01-05,9.5,11592,This is the description of fake episode 68.
5,1,Fake Episode 69,2009-01-12,7.9,7259,This is the description of fake episode 69.
5,2,Fake Episode 70,2009-01-19,7.0,8892,This is the description of fake episode 70.
5,3,Fake Episode 71,2009-01-26,8.1,11840,This is the description of fake episode 71.
5,4,Fake Episode 72,2009-02-02,6.7,5686,This is the description of fake episode 72.
5,5,Fake Episode 73,2009-02-09,7.9,3354,This is the description of fake episode 73.
5,6,Fake Episode 74,2009-02-16,8.1,8524,This is the description of fake episode 74.
5,7,Fake Episode 75,2009-02-23,8.5,13099,This is the description of fake episode 75.
5,8,Fake Episode 76,2009-03-02,6.7,9469,This is the description of fake episode 76.
5,9,Fake Episode 77,2009-03-09,9.0,11100,This is the description of fake episode 77.
5,10,Fake Episode 78,2009-03-16,6.8,13175,This is the description of fake episode 78.
5,11,Fake Episode 79,2009-03-23,6.6,9359,This is the description of fake episode 79.
5,12,Fake Episode 80,2009-03-30,7.2,5938,This is the description of fake episode 80.
5,13,Fake Episode 81,2009-04-06,9.1,11774,This is the description of fake episode 81.
5,14,Fake Episode 82,2009-04-13,9.3,4603,This is the description of fake episode 82.
5,15,Fake Episode 83,2009-04-20,9.1,7040,This is the description of fake episode 83.
5,16,Fake Episode 84,2009-04-27,6.8,9696,This is the description of fake episode 84.
5,17,Fake Episode 85,2009-05-04,8.8,4985,This is the description of fake episode 85.
6,1,Fake Episode 86,2009-05-11,7.8,4572,This is the description of fake episode 86.
6,2,Fake Episode 87,2009-05-18,8.8,8090,This is the description of fake episode 87.
6,3,Fake Episode 88,2009-05-25,6.9,5916,This is the description of fake episode 88.
6,4,Fake Episode 89,2009-06-01,6.8,14601,This is the description of fake episode 89.
6,5,Fake Episode 90,2009-06-08,7.6,2750,This is the description of fake episode 90.
6,6,Fake Episode 91,2009-06-15,9.2,10489,This is the description of fake episode 91.
6,7,Fake Episode 92,2009-06-22,8.0,11455,This is the description of fake episode 92.
6,8,Fake Episode 93,2009-06-29,9.0,7170,This is the description of fake episode 93.
6,9,Fake Episode 94,2009-07-06,6.8,12330,This is the description of fake episode 94.
6,10,Fake Episode 95,2009-07-13,7.3,12539,This is the description of fake episode 95.
6,11,Fake Episode 96,2009-07-20,7.9,8922,This is the description of fake episode 96.
6,12,Fake Episode 97,2009-07-27,6.9,11294,This is the description of fake episode 97.
6,13,Fake Episode 98,2009-08-03,8.7,7568,This is the description of fake episode 98.
6,14,Fake Episode 99,2009-08-10,7.2,2149,This is the description of fake episode 99.
6,15,Fake Episode 100,2009-08-17,7.4,2065,This is the description of fake episode 100.
6,16,Fake Episode 101,2009-08-24,7.1,2346,This is the description of fake episode 101.
6,17,Fake Episode 102,2009-08-31,9.2,3514,This is the description of fake episode 102.
7,1,Fake Episode 103,2009-09-07,6.9,11642,This is the description of fake episode 103.
7,2,Fake Episode 104,2009-09-14,8.0,13826,This is the description of fake episode 104.
7,3,Fake Episode 105,2009-09-21,8.1,9364,This is the description of fake episode 105.
7,4,Fake Episode 106,2009-09-28,8.8,7197,This is the description of fake episode 106.
7,5,Fake Episode 107,2009-10-05,9.1,11838,This is the description of fake episode 107.
7,6,Fake Episode 108,2009-10-12,7.7,13168,This is the description of fake episode 108.
7,7,Fake Episode 109,2009-10-19,9.3,8670,This is the description of fake episode 109.
7,8,Fake Episode 110,2009-10-26,8.9,11339,This is the description of fake episode 110.
7,9,Fake Episode 111,2009-11-02,8.4,6465,This is the description of fake episode 111.
7,10,Fake Episode 112,2009-11-09,8.8,10448,This is the description of fake episode 112.
7,11,Fake Episode 113,2009-11-16,8.1,5268,This is the description of fake episode 113.
7,12,Fake Episode 114,2009-11-23,7.0,9901,This is the description of fake episode 114.
7,13,Fake Episode 115,2009-11-30,8.8,4922,This is the description of fake episode 115.
7,14,Fake Episode 116,2009-12-07,8.9,9705,This is the description of fake episode 116.
7,15,Fake Episode 117,2009-12-14,6.5,8650,This is the description of fake episode 117.
7,16,Fake Episode 118,2009-12-21,8.6,7802,This is the description of fake episode 118.
7,17,Fake Episode 119,2009-12-28,8.0,9727,This is the description of fake episode 119.
8,1,Fake Episode 120,2010-01-04,9.5,10106,This is the description of fake episode 120.
8,2,Fake Episode 121,2010-01-11,8.3,3399,This is the description of fake episode 121.
8,3,Fake Episode 122,2010-01-18,6.9,2205,This is the description of fake episode 122.
8,4,Fake Episode 123,2010-01-25,9.3,7818,This is the description of fake episode 123.
8,5,Fake Episode 124,2010-02-01,8.7,4267,This is the description of fake episode 124.
8,6,Fake Episode 125,2010-02-08,9.1,7795,This is the description of fake episode 125.
8,7,Fake Episode 126,2010-02-15,8.3,11623,This is the description of fake episode 126.
8,8,Fake Episode 127,2010-02-22,6.7,4735,This is the description of fake episode 127.
8,9,Fake Episode 128,2010-03-01,6.7,12303,This is the description of fake episode 128.
8,10,Fake Episode 129,2010-03-08,8.6,14903,This is the description of fake episode 129.
8,11,Fake Episode 130,2010-03-15,6.7,14707,This is the description of fake episode 130.
8,12,Fake Episode 131,2010-03-22,7.8,10875,This is the description of fake episode 131.
8,13,Fake Episode 132,2010-03-29,9.0,11375,This is the description of fake episode 132.
8,14,Fake Episode 133,2010-04-05,7.0,10687,This is the description of fake episode 133.
8,15,Fake Episode 134,2010-04-12,8.1,7550,This is the description of fake episode 134.
8,16,Fake Episode 135,2010-04-19,7.8,4130,This is the description of fake episode 135.
8,17,Fake Episode 136,2010-04-26,7.2,11777,This is the description of fake episode 136.
9,1,Fake Episode 137,2010-05-03,7.7,3599,This is the description of fake episode 137.
9,2,Fake Episode 138,2010-05-10,9.2,9491,This is the description of fake episode 138.
9,3,Fake Episode 139,2010-05-17,7.7,8447,This is the description of fake episode 139.
9,4,Fake Episode 140,2010-05-24,6.7,14302,This is the description of fake episode 140.
9,5,Fake Episode 141,2010-05-31,8.3,14957,This is the description of fake episode 141.
9,6,Fake Episode 142,2010-06-07,8.9,5254,This is the description of fake episode 142.
9,7,Fake Episode 143,2010-06-14,7.0,7742,This is the description of fake episode 143.
9,8,Fake Episode 144,2010-06-21,7.7,12566,This is the description of fake episode 144.
9,9,Fake Episode 145,2010-06-28,8.9,10877,This is the description of fake episode 145.
9,10,Fake Episode 146,2010-07-05,7.5,3801,This is the description of fake episode 146.
9,11,Fake Episode 147,2010-07-12,8.3,8702,This is the description of fake episode 147.
9,12,Fake Episode 148,2010-07-19,8.4,11597,This is the description of fake episode 148.
9,13,Fake Episode 149,2010-07-26,6.8,12885,This is the description of fake episode 149.
9,14,Fake Episode 150,2010-08-02,8.8,5138,This is the description of fake episode 150.
9,15,Fake Episode 151,2010-08-09,9.5,13111,This is the description of fake episode 151.
9,16,Fake Episode 152,2010-08-16,7.8,11236,This is the description of fake episode 152.
9,17,Fake Episode 153,2010-08-23,7.8,2127,This is the description of fake episode 153.
10,1,Fake Episode 154,2010-08-30,6.9,9806,This is the description of fake episode 154.
10,2,Fake Episode 155,2010-09-06,8.8,6414,This is the description of fake episode 155.
10,3,Fake Episode 156,2010-09-13,8.9,11723,This is the description of fake episode 156.
10,4,Fake Episode 157,2010-09-20,9.3,13952,This is the description of fake episode 157.
10,5,Fake Episode 158,2010-09-27,9.0,13703,This is the description of fake episode 158.
10,6,Fake Episode 159,2010-10-04,8.2,8425,This is the description of fake episode 159.
10,7,Fake Episode 160,2010-10-11,7.1,4642,This is the description of fake episode 160.
10,8,Fake Episode 161,2010-10-18,8.3,5319,This is the description of fake episode 161.
10,9,Fake Episode 162,2010-10-25,9.0,14081,This is the description of fake episode 162.
10,10,Fake Episode 163,2010-11-01,9.5,5111,This is the description of fake episode 163.
10,11,Fake Episode 164,2010-11-08,9.1,10933,This is the description of fake episode 164.
10,12,Fake Episode 165,2010-11-15,7.2,8037,This is the description of fake episode 165.
10,13,Fake Episode 166,2010-11-22,8.4,6171,This is the description of fake episode 166.
10,14,Fake Episode 167,2010-11-29,9.0,8067,This is the description of fake episode 167.
10,15,Fake Episode 168,2010-12-06,7.5,10046,This is the description of fake episode 168.
10,16,Fake Episode 169,2010-12-13,8.1,10467,This is the description of fake episode 169.
10,17,Fake Episode 170,2010-12-20,7.6,11256,This is the description of fake episode 170.
11,1,Fake Episode 171,2010-12-27,8.1,11732,This is the description of fake episode 171.
11,2,Fake Episode 172,2011-01-03,7.6,3705,This is the description of fake episode 172.
11,3,Fake Episode 173,2011-01-10,7.5,12496,This is the description of fake episode 173.
11,4,Fake Episode 174,2011-01-17,7.5,13654,This is the description of fake episode 174.
11,5,Fake Episode 175,2011-01-24,8.9,6731,This is the description of fake episode 175.
11,6,Fake Episode 176,2011-01-31,7.7,7217,This is the description of fake episode 176.
11,7,Fake Episode 177,2011-02-07,8.2,8311,This is the description of fake episode 177.
11,8,Fake Episode 178,2011-02-14,8.5,12764,This is the description of fake episode 178.
11,9,Fake Episode 179,2011-02-21,6.5,14359,This is the description of fake episode 179.
11,10,Fake Episode 180,2011-02-28,7.9,11792,This is the description of fake episode 180.
11,11,Fake Episode 181,2011-03-07,8.0,6121,This is the description of fake episode 181.
11,12,Fake Episode 182,2011-03-14,8.9,11418,This is the description of fake episode 182.
11,13,Fake Episode 183,2011-03-21,7.7,13242,This is the description of fake episode 183.
11,14,Fake Episode 184,2011-03-28,7.3,7978,This is the description of fake episode 184.
11,15,Fake Episode 185,2011-04-04,7.5,3826,This is the description of fake episode 185.
11,16,Fake Episode 186,2011-04-11,9.3,7476,This is the description of fake episode 186.
11,17,Fake Episode 187,2011-04-18,8.7,2504,This is the description of fake episode 187.
12,1,Fake Episode 188,2011-04-25,9.0,12731,This is the description of fake episode 188.
12,2,Fake Episode 189,2011-05-02,9.3,8408,This is the description of fake episode 189.
12,3,Fake Episode 190,2011-05-09,8.5,11274,This is the description of fake episode 190.
12,4,Fake Episode 191,2011-05-16,9.2,2639,This is the description of fake episode 191.
12,5,Fake Episode 192,2011-05-23,8.5,10252,This is the description of fake episode 192.
12,6,Fake Episode 193,2011-05-30,8.9,7129,This is the description of fake episode 193.
12,7,Fake Episode 194,2011-06-06,6.6,9297,This is the description of fake episode 194.
12,8,Fake Episode 195,2011-06-13,6.7,8535,This is the description of fake episode 195.
12,9,Fake Episode 196,2011-06-20,8.4,4954,This is the description of fake episode 196.
12,10,Fake Episode 197,2011-06-27,8.0,3810,This is the description of fake episode 197.
12,11,Fake Episode 198,2011-07-04,6.9,12022,This is the description of fake episode 198.
12,12,Fake Episode 199,2011-07-11,9.4,4882,This is the description of fake episode 199.
12,13,Fake Episode 200,2011-07-18,6.5,9976,This is the description of fake episode 200.
